,ENG,FRA,ITA,GER,AUS,TUR,RUS
ENG,1.0,0.6223492077210716,0.5561623549559324,0.5680905047934988,0.6651125492929144,0.624717650321608,0.5634710480496552
FRA,0.6223492077210716,0.9999999999999999,0.5831146239078996,0.6437682694991008,0.7446540249263107,0.6774039428362609,0.6006063692887614
ITA,0.5561623549559324,0.5831146239078996,1.0,0.5694266505669128,0.6237864051930218,0.6281759871761698,0.4067791310587244
GER,0.5680905047934988,0.6437682694991008,0.5694266505669129,1.0,0.6207852491098925,0.647081997662651,0.46170291685452575
AUS,0.6651125492929145,0.7446540249263106,0.6237864051930218,0.6207852491098924,0.9999999999999999,0.7580195491138415,0.5758481187706481
TUR,0.624717650321608,0.677403942836261,0.6281759871761698,0.647081997662651,0.7580195491138415,1.0,0.6450545356403619
RUS,0.5634710480496552,0.6006063692887614,0.4067791310587243,0.4617029168545258,0.5758481187706482,0.645054535640362,1.0
