,ENG,FRA,ITA,GER,AUS,TUR,RUS
ENG,1.0,-0.08623565452254421,0.04572327725217917,-0.2476593155661481,0.08529874734436675,-0.15904979222831628,0.04571576344753352
FRA,-0.08623565452254423,1.0,-0.0712408475945498,0.04033944826277306,0.09472851437588142,-0.23179074923060855,-0.043633457426453935
ITA,0.04572327725217917,-0.0712408475945498,1.0,0.08978392673872307,0.017640680802092728,0.06061456816114697,-0.35622172961107235
GER,-0.2476593155661481,0.04033944826277306,0.08978392673872307,1.0,-0.18098031825172042,-0.12642511576388918,-0.33053183981538303
AUS,0.08529874734436677,0.09472851437588142,0.017640680802092728,-0.18098031825172042,1.0,0.06586848420858396,-0.40547593667016757
TUR,-0.15904979222831628,-0.23179074923060855,0.06061456816114698,-0.12642511576388918,0.06586848420858395,1.0,0.017463688155796898
RUS,0.045715763447533524,-0.04363345742645394,-0.35622172961107235,-0.33053183981538303,-0.40547593667016757,0.017463688155796898,1.0
