,ENG,FRA,ITA,GER,AUS,TUR,RUS
ENG,1.0,-0.2420435720008649,-0.019168246903474195,-0.3783407636143734,0.07717866308752079,-0.3060607617340343,0.07427500933282545
FRA,-0.2420435720008649,1.0,-0.2455041980297949,0.037874889470504845,0.055535528210523266,-0.4035761749762057,-0.07066175532488543
ITA,-0.019168246903474195,-0.24550419802979487,1.0,0.06871765520645644,-0.10813791985322041,0.02049996682555919,-0.3955175723054946
GER,-0.37834076361437347,0.037874889470504845,0.06871765520645644,1.0,-0.2994273456851639,-0.27866390477082353,-0.36176775900613867
AUS,0.0771786630875208,0.05553552821052327,-0.10813791985322041,-0.29942734568516394,0.9999999999999999,0.02183352206993987,-0.48918416258887815
TUR,-0.3060607617340343,-0.4035761749762057,0.020499966825559192,-0.27866390477082353,0.02183352206993987,1.0,0.014335664893905226
RUS,0.07427500933282545,-0.07066175532488543,-0.39551757230549467,-0.36176775900613867,-0.48918416258887815,0.014335664893905226,1.0
