,ENG,FRA,ITA,GER,AUS,TUR,RUS
ENG,1.0,-0.2877424117574336,-0.046176882982003245,-0.35007087066234993,0.0877066568476019,-0.3277270588924571,0.08898914991149032
FRA,-0.2877424117574336,1.0,-0.3065254193160362,0.06692724786556432,0.055509089574838015,-0.42334240398257417,-0.08601664384120035
ITA,-0.04617688298200325,-0.3065254193160363,1.0,0.06026124598200576,-0.19819926965504747,0.03552990764316031,-0.34083053824945136
GER,-0.35007087066234993,0.06692724786556431,0.06026124598200576,1.0,-0.3382386707222678,-0.3281273014717415,-0.33576378595070483
AUS,0.0877066568476019,0.055509089574838015,-0.1981992696550475,-0.3382386707222678,1.0,0.033503682522679476,-0.4856887075810834
TUR,-0.3277270588924571,-0.42334240398257417,0.03552990764316031,-0.3281273014717415,0.033503682522679476,1.0,0.025064858524342357
RUS,0.08898914991149032,-0.08601664384120035,-0.34083053824945136,-0.3357637859507048,-0.48568870758108335,0.025064858524342357,1.0
