,ENG,FRA,ITA,GER,AUS,TUR,RUS
ENG,1.0,-0.30510118428373884,-0.06119543337316005,-0.32855926587376905,0.09194202814932569,-0.33419922281109543,0.08264998359023427
FRA,-0.3051011842837389,0.9999999999999999,-0.3113328355401203,0.07400736521877349,0.056102827197507844,-0.421243542078794,-0.09734089249479831
ITA,-0.061195433373160045,-0.3113328355401203,1.0,0.04687076753215043,-0.26720263033022135,0.03549671980130012,-0.2874295189426428
GER,-0.32855926587376905,0.07400736521877348,0.04687076753215042,1.0,-0.3454997581077106,-0.3414304165708347,-0.3055690653518172
AUS,0.09194202814932569,0.056102827197507844,-0.26720263033022135,-0.3454997581077106,1.0,0.027531415895937647,-0.48395046109065004
TUR,-0.33419922281109543,-0.42124354207879405,0.03549671980130012,-0.3414304165708347,0.027531415895937647,1.0,0.029184289426342887
RUS,0.08264998359023427,-0.09734089249479831,-0.2874295189426428,-0.3055690653518172,-0.48395046109065004,0.029184289426342887,1.0
