,ENG,FRA,ITA,GER,AUS,TUR,RUS
ENG,1.0,-0.3209477682652828,-0.07244593694079267,-0.3135406767173965,0.09268929328958644,-0.3394148042580085,0.0686502318657912
FRA,-0.32094776826528276,1.0,-0.303004388293989,0.06440047891659166,0.050052778782672884,-0.3991723583560254,-0.10836137058505207
ITA,-0.07244593694079265,-0.30300438829398896,0.9999999999999999,0.03691697769173213,-0.319085117934926,0.03151452378006752,-0.23840510231072132
GER,-0.3135406767173965,0.06440047891659166,0.03691697769173213,1.0,-0.3351327592149494,-0.33478037793202103,-0.2786323699376294
AUS,0.09268929328958644,0.050052778782672884,-0.319085117934926,-0.3351327592149494,1.0,0.012555142972870517,-0.48542293910828455
TUR,-0.3394148042580085,-0.39917235835602544,0.03151452378006752,-0.33478037793202103,0.012555142972870517,1.0,0.0235215040988716
RUS,0.0686502318657912,-0.10836137058505207,-0.23840510231072135,-0.2786323699376294,-0.48542293910828455,0.0235215040988716,0.9999999999999998
