,ENG,FRA,ITA,GER,AUS,TUR,RUS
ENG,0.9999999999999998,-0.3225957985576952,-0.08366649498502832,-0.3001775495673213,0.08783279271539259,-0.34886631960735703,0.05018000431745929
FRA,-0.3225957985576952,0.9999999999999998,-0.28099002168397974,0.04951182652880486,0.03052749103434327,-0.3750864125465224,-0.11687363617648315
ITA,-0.08366649498502832,-0.28099002168397974,0.9999999999999999,0.028100253326444568,-0.35474461150534,0.01726237618926374,-0.1929905548659309
GER,-0.3001775495673213,0.04951182652880486,0.028100253326444564,0.9999999999999998,-0.3158228536745863,-0.31344634667410254,-0.2482954241047588
AUS,0.08783279271539259,0.03052749103434327,-0.35474461150534,-0.31582285367458635,0.9999999999999998,-0.002155656469354296,-0.4909659399070249
TUR,-0.348866319607357,-0.3750864125465224,0.01726237618926374,-0.31344634667410254,-0.002155656469354296,1.0,0.0032292663973443733
RUS,0.05018000431745929,-0.11687363617648314,-0.19299055486593086,-0.24829542410475883,-0.4909659399070249,0.0032292663973443733,1.0
