,ENG,FRA,ITA,GER,AUS,TUR,RUS
ENG,1.0,-0.32046597949184574,-0.09587044754624233,-0.2878270379894183,0.08337023806101847,-0.35354451678147564,0.025668948658598433
FRA,-0.32046597949184574,0.9999999999999998,-0.2636293526141523,0.03596225915008394,0.011878959297523951,-0.35024229952893704,-0.12208270625102438
ITA,-0.09587044754624233,-0.26362935261415227,0.9999999999999998,0.023019592235334157,-0.3724373008594357,0.004099034628383852,-0.16419625362517584
GER,-0.2878270379894183,0.03596225915008394,0.02301959223533416,1.0,-0.30423304761597575,-0.3010754111969238,-0.22031732905061133
AUS,0.08337023806101847,0.011878959297523951,-0.37243730085943566,-0.30423304761597575,1.0,-0.01128771302661142,-0.4885538767607647
TUR,-0.35354451678147564,-0.35024229952893704,0.0040990346283838516,-0.3010754111969239,-0.01128771302661142,1.0,-0.013391261913526567
RUS,0.025668948658598433,-0.1220827062510244,-0.16419625362517584,-0.22031732905061135,-0.4885538767607646,-0.013391261913526565,1.0
