,ENG,FRA,ITA,GER,AUS,TUR,RUS
ENG,1.0,-0.31591883550557004,-0.10952067100605001,-0.27830860838598087,0.07608997699058391,-0.35246601938497213,0.0006697533304399592
FRA,-0.31591883550557004,1.0,-0.25008544633440233,0.01990877262241895,-0.015857187069060807,-0.3162992534268596,-0.12159050179209754
ITA,-0.10952067100605001,-0.25008544633440233,1.0,0.006698949281377152,-0.37698583294721594,-0.005806758950014264,-0.13996168212995083
GER,-0.27830860838598087,0.01990877262241895,0.006698949281377151,1.0,-0.2735231377797515,-0.29232011852438516,-0.2017962094334112
AUS,0.07608997699058391,-0.015857187069060807,-0.37698583294721594,-0.2735231377797515,0.9999999999999999,-0.027856728834199738,-0.48626310649515553
TUR,-0.3524660193849721,-0.3162992534268596,-0.005806758950014264,-0.29232011852438516,-0.027856728834199738,1.0,-0.026717633224614387
RUS,0.0006697533304399592,-0.12159050179209753,-0.13996168212995083,-0.20179620943341123,-0.48626310649515553,-0.02671763322461439,1.0
