,ENG,FRA,ITA,GER,AUS,TUR,RUS
ENG,1.0,-0.30062311357593346,-0.13463774950442764,-0.27525699601194864,0.062129016572451234,-0.34691293847900156,-0.011659682744002739
FRA,-0.30062311357593346,0.9999999999999998,-0.24077832395045018,0.00309466589640663,-0.04222738862793227,-0.29032906043336865,-0.12257671163534097
ITA,-0.13463774950442764,-0.2407783239504502,1.0,0.0035208347033137775,-0.373523321229183,-0.0036323693009225407,-0.1280358330408508
GER,-0.27525699601194864,0.00309466589640663,0.003520834703313777,1.0,-0.2584247964008785,-0.29280690408543886,-0.1791008489481315
AUS,0.06212901657245123,-0.04222738862793228,-0.37352332122918297,-0.2584247964008785,1.0,-0.027415404614587024,-0.47633184575345466
TUR,-0.34691293847900156,-0.29032906043336865,-0.0036323693009225407,-0.29280690408543886,-0.02741540461458703,0.9999999999999998,-0.05305261944175755
RUS,-0.01165968274400274,-0.12257671163534095,-0.12803583304085084,-0.1791008489481315,-0.4763318457534546,-0.05305261944175755,1.0
