,ENG,FRA,ITA,GER,AUS,TUR,RUS
ENG,1.0,-0.2895689278864938,-0.146785604647534,-0.276220282877451,0.04863485143742319,-0.3328135394788444,-0.030674272415426834
FRA,-0.2895689278864938,0.9999999999999998,-0.23700589418413953,-0.011783204177097117,-0.06285383029693747,-0.2651720465563772,-0.12924817731425403
ITA,-0.146785604647534,-0.2370058941841395,1.0,0.0005622209480286477,-0.3621011676682035,-0.021400013881208237,-0.11224088883234828
GER,-0.276220282877451,-0.011783204177097117,0.0005622209480286477,1.0,-0.24172733030835447,-0.2797153024519643,-0.1725599767676918
AUS,0.04863485143742318,-0.06285383029693747,-0.3621011676682035,-0.24172733030835447,1.0,-0.0396391141661719,-0.4610965717617452
TUR,-0.3328135394788444,-0.2651720465563772,-0.021400013881208234,-0.2797153024519643,-0.0396391141661719,0.9999999999999999,-0.06552112029780854
RUS,-0.030674272415426834,-0.12924817731425406,-0.11224088883234828,-0.17255997676769178,-0.4610965717617452,-0.06552112029780854,0.9999999999999998
