,ENG,FRA,ITA,GER,AUS,TUR,RUS
ENG,1.0,-0.2889433819750154,-0.15307690512100386,-0.26491659029124986,0.03806193264168546,-0.3277832525176025,-0.04936020138262292
FRA,-0.2889433819750154,1.0,-0.23798674640297257,-0.02103522176300499,-0.054979354053420935,-0.24437744670704237,-0.14742619078518732
ITA,-0.15307690512100386,-0.23798674640297254,1.0,0.007233278275269114,-0.3600282439281273,-0.03866291793928724,-0.09387495342933538
GER,-0.26491659029124986,-0.021035221763004985,0.007233278275269115,1.0,-0.23596138511291098,-0.26869869897835646,-0.1755253321582232
AUS,0.03806193264168547,-0.054979354053420935,-0.3600282439281273,-0.23596138511291098,1.0,-0.05675909506698651,-0.4466415500458573
TUR,-0.3277832525176025,-0.24437744670704237,-0.03866291793928724,-0.26869869897835646,-0.056759095066986516,0.9999999999999999,-0.06769947758475989
RUS,-0.04936020138262292,-0.14742619078518732,-0.09387495342933538,-0.1755253321582232,-0.4466415500458573,-0.06769947758475989,1.0
