,ENG,FRA,ITA,GER,AUS,TUR,RUS
ENG,1.0,-0.2762670823836827,-0.16676534421656056,-0.2541073269367485,0.029246461744523795,-0.3376713143330196,-0.06173923487851546
FRA,-0.2762670823836827,1.0,-0.24244744462535464,-0.03819081034615024,-0.06632177524940559,-0.22763870335967526,-0.1419786297133672
ITA,-0.16676534421656053,-0.24244744462535464,1.0,0.028001385896070506,-0.37062644961133606,-0.04180673956941179,-0.08688146753229427
GER,-0.2541073269367485,-0.03819081034615024,0.028001385896070506,0.9999999999999998,-0.21544616553266085,-0.2471846723423685,-0.18997847125912132
AUS,0.029246461744523795,-0.06632177524940559,-0.37062644961133606,-0.21544616553266088,1.0,-0.0694198589930022,-0.43639034279979055
TUR,-0.33767131433301967,-0.22763870335967526,-0.04180673956941179,-0.24718467234236846,-0.0694198589930022,0.9999999999999999,-0.0721400596119861
RUS,-0.061739234878515466,-0.1419786297133672,-0.08688146753229427,-0.18997847125912132,-0.43639034279979055,-0.07214005961198611,1.0
