,ENG,FRA,ITA,GER,AUS,TUR,RUS
ENG,1.0,-0.27298748408949897,-0.1945030567922192,-0.23721623371972833,0.02533122409301567,-0.3244004411399163,-0.07470473692650026
FRA,-0.27298748408949897,1.0,-0.2719036904810357,-0.07813987191989816,-0.044311839869569956,-0.20268689836230885,-0.1409276935632879
ITA,-0.1945030567922192,-0.27190369048103574,1.0,0.06273083391317905,-0.35579896717296006,-0.047552173944536875,-0.07507853031874574
GER,-0.23721623371972833,-0.07813987191989816,0.06273083391317905,1.0,-0.2396706109056217,-0.23925302943348759,-0.1793806238171466
AUS,0.02533122409301567,-0.04431183986956995,-0.35579896717296006,-0.23967061090562172,1.0,-0.07772794417893474,-0.4309618132925236
TUR,-0.3244004411399163,-0.20268689836230885,-0.047552173944536875,-0.2392530294334876,-0.07772794417893474,1.0,-0.08656216043860043
RUS,-0.07470473692650027,-0.1409276935632879,-0.07507853031874574,-0.1793806238171466,-0.4309618132925236,-0.08656216043860043,1.0
