,ENG,FRA,ITA,GER,AUS,TUR,RUS
ENG,0.9999999999999999,-0.2601814899729506,-0.17801383456202854,-0.23421620941538515,0.018720339531990045,-0.3531379302941041,-0.08544251678309485
FRA,-0.2601814899729506,1.0,-0.2855278931125761,-0.09543907872427375,-0.043739018223481835,-0.19461420762573925,-0.11509464828753992
ITA,-0.17801383456202852,-0.2855278931125761,1.0,0.05623202291381937,-0.35729508447273417,-0.031657563384715676,-0.0775428856447778
GER,-0.23421620941538515,-0.09543907872427376,0.05623202291381937,0.9999999999999998,-0.22537818244462118,-0.22398298215340562,-0.18231150738842916
AUS,0.018720339531990045,-0.04373901822348183,-0.3572950844727341,-0.22537818244462118,0.9999999999999999,-0.09659318329090408,-0.42902462185002316
TUR,-0.3531379302941041,-0.19461420762573925,-0.031657563384715676,-0.22398298215340562,-0.09659318329090409,1.0,-0.08868460174140563
RUS,-0.08544251678309485,-0.11509464828753992,-0.0775428856447778,-0.18231150738842913,-0.42902462185002316,-0.08868460174140562,1.0
