,ENG,FRA,ITA,GER,AUS,TUR,RUS
ENG,1.0,-0.2424589385852534,-0.16759173841422226,-0.25621252769089975,-0.0004939941516052329,-0.34675292906736677,-0.09530395574335951
FRA,-0.24245893858525336,1.0,-0.2934261921558915,-0.07279881443309447,-0.07321549429721863,-0.1962676484838151,-0.10951552104069316
ITA,-0.16759173841422223,-0.2934261921558915,1.0,0.016504627210333363,-0.3263230894034667,-0.02806556404046957,-0.07577884173857025
GER,-0.25621252769089975,-0.07279881443309445,0.016504627210333363,1.0,-0.1837056262926171,-0.22724479388992253,-0.1820977475005146
AUS,-0.000493994151605233,-0.07321549429721863,-0.3263230894034667,-0.18370562629261708,1.0,-0.1253763848725505,-0.4239427179089546
TUR,-0.3467529290673668,-0.19626764848381512,-0.02806556404046957,-0.2272447938899225,-0.12537638487255048,1.0,-0.07088338712634576
RUS,-0.09530395574335952,-0.10951552104069315,-0.07577884173857023,-0.1820977475005146,-0.42394271790895455,-0.07088338712634576,1.0
