,ENG,FRA,ITA,GER,AUS,TUR,RUS
ENG,1.0,-0.18741836753138227,-0.16804497595526957,-0.24184522842763062,-0.025789961024170315,-0.3559928539556209,-0.10936237318424306
FRA,-0.18741836753138227,1.0,-0.2991862573686104,-0.11722727435732919,-0.09301263230896238,-0.17920399057307684,-0.10562989219737386
ITA,-0.16804497595526957,-0.2991862573686104,0.9999999999999998,0.008034616882908055,-0.30667054452014836,-0.01352735476227429,-0.10254422405731616
GER,-0.24184522842763062,-0.1172272743573292,0.008034616882908055,1.0,-0.17167093056162078,-0.23739133960407188,-0.17352377668959054
AUS,-0.025789961024170315,-0.0930126323089624,-0.30667054452014836,-0.1716709305616208,0.9999999999999999,-0.1268255862399794,-0.4040591744116612
TUR,-0.35599285395562097,-0.17920399057307684,-0.013527354762274292,-0.23739133960407185,-0.12682558623997936,1.0,-0.07330072125538237
RUS,-0.10936237318424308,-0.10562989219737387,-0.10254422405731616,-0.17352377668959051,-0.4040591744116613,-0.07330072125538237,1.0
