,ENG,FRA,ITA,GER,AUS,TUR,RUS
ENG,1.0,-0.21988698454404113,-0.17977035218424214,-0.22849067415444588,-0.025567627938281018,-0.30426497081846654,-0.11316823735298348
FRA,-0.2198869845440411,1.0,-0.261090927415138,-0.104986821500224,-0.08717873467940099,-0.18434557754183642,-0.14244662136296055
ITA,-0.17977035218424214,-0.26109092741513795,1.0,0.02971813042937886,-0.30265188939365156,-0.07451939611277417,-0.08888148880722076
GER,-0.2284906741544459,-0.10498682150022398,0.029718130429378865,1.0,-0.19943524670324528,-0.2568408271366857,-0.18069100805130442
AUS,-0.025567627938281014,-0.08717873467940099,-0.30265188939365156,-0.19943524670324528,0.9999999999999999,-0.10032992988721705,-0.3996526423463917
TUR,-0.30426497081846654,-0.18434557754183642,-0.07451939611277417,-0.2568408271366857,-0.10032992988721705,1.0,-0.062029125435600845
RUS,-0.11316823735298348,-0.14244662136296055,-0.08888148880722074,-0.1806910080513044,-0.39965264234639164,-0.06202912543560085,1.0
