,ENG,FRA,ITA,GER,AUS,TUR,RUS
ENG,0.9999999999999999,-0.26192439365069703,-0.23031079371724397,-0.25980419360686413,-0.02748244287817936,-0.22466715222755557,-0.0963766057989289
FRA,-0.26192439365069703,1.0,-0.19250394428188644,-0.07328969382520337,-0.10544522438798276,-0.2187097583534046,-0.15183440605632592
ITA,-0.230310793717244,-0.19250394428188644,1.0,0.04623575481631019,-0.26687151360504197,-0.09996121377911164,-0.08952837198438134
GER,-0.2598041936068642,-0.07328969382520338,0.04623575481631019,1.0,-0.22070925968124624,-0.24778282370204893,-0.18792482903634034
AUS,-0.027482442878179355,-0.10544522438798276,-0.26687151360504197,-0.22070925968124622,1.0,-0.09199940385065306,-0.43366973234514833
TUR,-0.22466715222755554,-0.21870975835340462,-0.09996121377911164,-0.24778282370204893,-0.09199940385065306,1.0,-0.0393685522386451
RUS,-0.0963766057989289,-0.15183440605632592,-0.08952837198438135,-0.1879248290363403,-0.43366973234514833,-0.0393685522386451,1.0
