,ENG,FRA,ITA,GER,AUS,TUR,RUS
ENG,1.0,-0.25464727792350705,-0.2476213952961374,-0.2430395374165826,-0.10803592285083884,-0.18662480334574647,-0.07431680551549069
FRA,-0.25464727792350705,1.0,-0.14342297657054634,-0.09261407293649905,-0.09767444755298557,-0.21171008848558104,-0.16278602743351075
ITA,-0.2476213952961374,-0.14342297657054634,0.9999999999999998,0.10630141156486045,-0.24021373862889084,-0.14319256388479962,-0.15638411559050916
GER,-0.2430395374165826,-0.09261407293649904,0.10630141156486043,0.9999999999999999,-0.22449637472752512,-0.27056191076261865,-0.1977658417937183
AUS,-0.10803592285083885,-0.09767444755298559,-0.24021373862889087,-0.22449637472752515,0.9999999999999999,-0.08764129181332107,-0.3915727618478266
TUR,-0.1866248033457465,-0.211710088485581,-0.14319256388479965,-0.27056191076261865,-0.08764129181332106,1.0,-0.041547648978291815
RUS,-0.07431680551549069,-0.16278602743351078,-0.15638411559050916,-0.1977658417937183,-0.39157276184782663,-0.041547648978291815,1.0
