,ENG,FRA,ITA,GER,AUS,TUR,RUS
ENG,0.9999999999999998,0.36917668456707137,0.40972544968318636,0.31924730489342007,0.3845165462619602,0.4976758137018833,0.32719454424150846
FRA,0.3691766845670714,1.0,0.30402844157599934,0.2931430520172339,0.3133103524798474,0.4976168630882588,0.4268053519151967
ITA,0.40972544968318636,0.30402844157599934,1.0,0.38783506209740115,0.22756213366708788,0.3362161331247853,0.41485785781571516
GER,0.31924730489342007,0.2931430520172339,0.38783506209740115,0.9999999999999998,0.3380435610316784,0.428258216932994,0.24086329247028113
AUS,0.3845165462619602,0.3133103524798474,0.22756213366708788,0.3380435610316784,1.0,0.1783537454831465,0.19200670440311127
TUR,0.49767581370188324,0.49761686308825875,0.3362161331247853,0.42825821693299404,0.1783537454831465,1.0,0.30731483357359635
RUS,0.32719454424150846,0.4268053519151967,0.41485785781571516,0.24086329247028113,0.1920067044031113,0.3073148335735963,0.9999999999999998
